address,balance
"0x96e2cd42dba2fe7102aca8887a663a0a1f18d293",253533.020627741003409028
"0xf48c10015dfb654379360ecf15c461cb60207354",212569.001807820895919576
"0x4e51f628ec0813964c13107fffa4c989069e5575",96224.058928641199599952
